{"count":1,"self":2326.3813631999997,"total":3037.3221218999997,"children":{"InitializeActuators":{"count":1,"self":0.0014877999999999998,"total":0.0014877999999999998,"children":null},"InitializeSensors":{"count":1,"self":0.0014877999999999998,"total":0.0014877999999999998,"children":null},"AgentSendState":{"count":3019002,"self":7.7923424,"total":12.587882899999999,"children":{"CollectObservations":{"count":603801,"self":2.6728769999999997,"total":2.6728769999999997,"children":null},"WriteActionMask":{"count":603801,"self":0.6168492,"total":0.6168492,"children":null},"RequestDecision":{"count":603801,"self":1.5058146,"total":1.5058146,"children":null}}},"DecideAction":{"count":3019002,"self":682.3189504,"total":682.31896269999993,"children":null},"AgentAct":{"count":3019002,"self":16.0293664,"total":16.0293661,"children":null}},"gauges":{"TickTack_DCCS.CumulativeReward":{"count":491,"max":218.364655,"min":-10.1719875,"runningAverage":121.758919,"value":216.5836,"weightedAverage":124.886688}},"metadata":{"timer_format_version":"0.1.0","start_time_seconds":"1684172544","unity_version":"2021.3.12f1","command_line_arguments":"C:\\Program Files\\Unity\\Hub\\Editor\\2021.3.12f1\\Editor\\Unity.exe -projectpath C:\\Users\\Alex\\Documents\\GitHub\\FoosBall\\foos_3Dcore -useHub -hubIPC -cloudEnvironment production","communication_protocol_version":"1.5.0","com.unity.ml-agents_version":"2.3.0-exp.3","scene_name":"tick-tack-5","end_time_seconds":"1684175581"}}