{"count":1,"self":43.7844608,"total":47.8191998,"children":{"InitializeActuators":{"count":1,"self":0.0009969,"total":0.0009969,"children":null},"InitializeSensors":{"count":1,"self":0.00097149999999999992,"total":0.00097149999999999992,"children":null},"AgentSendState":{"count":32152,"self":0.072194399999999992,"total":0.11358199999999999,"children":{"CollectObservations":{"count":6431,"self":0.0164231,"total":0.0164231,"children":null},"WriteActionMask":{"count":6431,"self":0.0019955999999999997,"total":0.0019955999999999997,"children":null},"RequestDecision":{"count":6431,"self":0.0229689,"total":0.0229689,"children":null}}},"DecideAction":{"count":32152,"self":3.7922512,"total":3.7922514,"children":null},"AgentAct":{"count":32152,"self":0.1269363,"total":0.1269363,"children":null}},"gauges":{"TickTack_DCCS.CumulativeReward":{"count":4,"max":214.110779,"min":-5,"runningAverage":156.871948,"value":214.110779,"weightedAverage":120.051605}},"metadata":{"timer_format_version":"0.1.0","start_time_seconds":"1694110286","unity_version":"2021.3.12f1","command_line_arguments":"C:\\Program Files\\Unity\\Hub\\Editor\\2021.3.12f1\\Editor\\Unity.exe","communication_protocol_version":"1.5.0","com.unity.ml-agents_version":"2.3.0-exp.3","scene_name":"tick-tack-5","end_time_seconds":"1694110334"}}